{
  "comparator": "flashmla-dsa-sparse-prefill-b200",
  "device": "NVIDIA B200",
  "compute_capability": [
    10,
    0
  ],
  "torch": "2.10.0a0+a36e1d39eb.nv26.01.42222806",
  "cuda": "13.1",
  "eval_path": "kk.bench_kineto(flash_mla.flash_mla_sparse_fwd).get_kernel_time('sparse_attn_fwd')",
  "num_tests": 30,
  "passes": 3,
  "correctness_small_config": true,
  "metric_directions": {
    "latency_us": "lower_better",
    "tflops": "higher_better",
    "mem_bw_tbps": "higher_better"
  },
  "rows": [
    {
      "kernel": "sparse_attn_fwd",
      "stage": "prefill",
      "d_qk": 576,
      "d_v": 512,
      "h_q": 128,
      "h_kv": 1,
      "s_q": 4096,
      "s_kv": 8192,
      "topk": 2048,
      "have_attn_sink": true,
      "fwd_flop": 2336462209024,
      "fwd_mem_vol_bytes": 10804527104,
      "latency_us": 1694.5069666666666,
      "latency_us_min": 1641.956199999983,
      "latency_us_max": 1709.8421000000003,
      "latency_spread_frac": 0.04006233160171556,
      "latency_passes_us": [
        1641.956199999983,
        1694.5069666666666,
        1709.8421000000003
      ],
      "tflops": 1378.8448528011365,
      "mem_bw_tbps": 6.3762069537276815,
      "roofline_pred_us": 1350.565888,
      "roofline_rel_err": 0.20297413078403975,
      "roofline_bound": "memory",
      "label": "v32"
    },
    {
      "kernel": "sparse_attn_fwd",
      "stage": "prefill",
      "d_qk": 576,
      "d_v": 512,
      "h_q": 128,
      "h_kv": 1,
      "s_q": 4096,
      "s_kv": 16384,
      "topk": 2048,
      "have_attn_sink": true,
      "fwd_flop": 2336462209024,
      "fwd_mem_vol_bytes": 10804527104,
      "latency_us": 1705.932733333333,
      "latency_us_min": 1693.9314999999995,
      "latency_us_max": 1707.548133333333,
      "latency_spread_frac": 0.007981928634857248,
      "latency_passes_us": [
        1693.9314999999995,
        1707.548133333333,
        1705.932733333333
      ],
      "tflops": 1369.6098113192506,
      "mem_bw_tbps": 6.333501252941158,
      "roofline_pred_us": 1350.565888,
      "roofline_rel_err": 0.2083123433823552,
      "roofline_bound": "memory",
      "label": "v32"
    },
    {
      "kernel": "sparse_attn_fwd",
      "stage": "prefill",
      "d_qk": 576,
      "d_v": 512,
      "h_q": 128,
      "h_kv": 1,
      "s_q": 4096,
      "s_kv": 32768,
      "topk": 2048,
      "have_attn_sink": true,
      "fwd_flop": 2336462209024,
      "fwd_mem_vol_bytes": 10804527104,
      "latency_us": 1711.6086666666667,
      "latency_us_min": 1696.1347333333347,
      "latency_us_max": 1716.9208333333313,
      "latency_spread_frac": 0.012144189501258512,
      "latency_passes_us": [
        1696.1347333333347,
        1711.6086666666667,
        1716.9208333333313
      ],
      "tflops": 1365.0679939440986,
      "mem_bw_tbps": 6.312498478429453,
      "roofline_pred_us": 1350.565888,
      "roofline_rel_err": 0.21093769019631825,
      "roofline_bound": "memory",
      "label": "v32"
    },
    {
      "kernel": "sparse_attn_fwd",
      "stage": "prefill",
      "d_qk": 576,
      "d_v": 512,
      "h_q": 128,
      "h_kv": 1,
      "s_q": 4096,
      "s_kv": 65536,
      "topk": 2048,
      "have_attn_sink": true,
      "fwd_flop": 2336462209024,
      "fwd_mem_vol_bytes": 10804527104,
      "latency_us": 1706.267100000002,
      "latency_us_min": 1696.1630333333333,
      "latency_us_max": 1713.2235333333329,
      "latency_spread_frac": 0.009998727631799069,
      "latency_passes_us": [
        1696.1630333333333,
        1713.2235333333329,
        1706.267100000002
      ],
      "tflops": 1369.3414173103363,
      "mem_bw_tbps": 6.332260115664182,
      "roofline_pred_us": 1350.565888,
      "roofline_rel_err": 0.20846748554197728,
      "roofline_bound": "memory",
      "label": "v32"
    },
    {
      "kernel": "sparse_attn_fwd",
      "stage": "prefill",
      "d_qk": 512,
      "d_v": 512,
      "h_q": 128,
      "h_kv": 1,
      "s_q": 4096,
      "s_kv": 8192,
      "topk": 1024,
      "have_attn_sink": true,
      "fwd_flop": 1099511627776,
      "fwd_mem_vol_bytes": 5368709120,
      "latency_us": 893.958000000001,
      "latency_us_min": 893.8737666666656,
      "latency_us_max": 894.1904666666667,
      "latency_spread_frac": 0.00035426720271097064,
      "latency_passes_us": [
        894.1904666666667,
        893.8737666666656,
        893.958000000001
      ],
      "tflops": 1229.9365605274506,
      "mem_bw_tbps": 6.005549611950443,
      "roofline_pred_us": 671.0886399999999,
      "roofline_rel_err": 0.2493062985061947,
      "roofline_bound": "memory",
      "label": "model1_cfg2"
    },
    {
      "kernel": "sparse_attn_fwd",
      "stage": "prefill",
      "d_qk": 512,
      "d_v": 512,
      "h_q": 128,
      "h_kv": 1,
      "s_q": 4096,
      "s_kv": 32768,
      "topk": 1024,
      "have_attn_sink": true,
      "fwd_flop": 1099511627776,
      "fwd_mem_vol_bytes": 5368709120,
      "latency_us": 893.9578666666675,
      "latency_us_min": 893.8332666666657,
      "latency_us_max": 894.0689333333324,
      "latency_spread_frac": 0.0002636216710586077,
      "latency_passes_us": [
        894.0689333333324,
        893.8332666666657,
        893.9578666666675
      ],
      "tflops": 1229.9367439718253,
      "mem_bw_tbps": 6.005550507674927,
      "roofline_pred_us": 671.0886399999999,
      "roofline_rel_err": 0.2493061865406341,
      "roofline_bound": "memory",
      "label": "model1_cfg2"
    },
    {
      "kernel": "sparse_attn_fwd",
      "stage": "prefill",
      "d_qk": 512,
      "d_v": 512,
      "h_q": 128,
      "h_kv": 1,
      "s_q": 4096,
      "s_kv": 65536,
      "topk": 1024,
      "have_attn_sink": true,
      "fwd_flop": 1099511627776,
      "fwd_mem_vol_bytes": 5368709120,
      "latency_us": 894.0787333333334,
      "latency_us_min": 893.9431666666665,
      "latency_us_max": 894.1022000000003,
      "latency_spread_frac": 0.0001778739694891423,
      "latency_passes_us": [
        894.1022000000003,
        894.0787333333334,
        893.9431666666665
      ],
      "tflops": 1229.7704741021687,
      "mem_bw_tbps": 6.004738643076996,
      "roofline_pred_us": 671.0886399999999,
      "roofline_rel_err": 0.2494076696153755,
      "roofline_bound": "memory",
      "label": "model1_cfg2"
    },
    {
      "kernel": "sparse_attn_fwd",
      "stage": "prefill",
      "d_qk": 512,
      "d_v": 512,
      "h_q": 64,
      "h_kv": 1,
      "s_q": 4096,
      "s_kv": 8192,
      "topk": 512,
      "have_attn_sink": true,
      "fwd_flop": 274877906944,
      "fwd_mem_vol_bytes": 2684354560,
      "latency_us": 381.7393000000009,
      "latency_us_min": 381.26126666666687,
      "latency_us_max": 381.8268666666658,
      "latency_spread_frac": 0.0014816394329820429,
      "latency_passes_us": [
        381.8268666666658,
        381.26126666666687,
        381.7393000000009
      ],
      "tflops": 720.0670901424069,
      "mem_bw_tbps": 7.031905177171942,
      "roofline_pred_us": 335.54431999999997,
      "roofline_rel_err": 0.12101185285350721,
      "roofline_bound": "memory",
      "label": "model1_cfg1"
    },
    {
      "kernel": "sparse_attn_fwd",
      "stage": "prefill",
      "d_qk": 512,
      "d_v": 512,
      "h_q": 64,
      "h_kv": 1,
      "s_q": 4096,
      "s_kv": 32768,
      "topk": 512,
      "have_attn_sink": true,
      "fwd_flop": 274877906944,
      "fwd_mem_vol_bytes": 2684354560,
      "latency_us": 383.8523000000004,
      "latency_us_min": 383.5374666666671,
      "latency_us_max": 384.0944999999996,
      "latency_spread_frac": 0.0014511658086521846,
      "latency_passes_us": [
        384.0944999999996,
        383.8523000000004,
        383.5374666666671
      ],
      "tflops": 716.103321366056,
      "mem_bw_tbps": 6.993196497715391,
      "roofline_pred_us": 335.54431999999997,
      "roofline_rel_err": 0.12585043778557625,
      "roofline_bound": "memory",