{
  "model": "stage-centric-dsa-v1",
  "hw_params": {
    "device": "NVIDIA B200",
    "sm_clock_ghz": 1.965,
    "num_sm": 148,
    "bf16_tc_peak_tflops": 2371.0,
    "hbm_contig_tbps": 7.1,
    "hbm_ldgsts_peak_tbps": 6.69,
    "hbm_scatter_tbps": 5.7,
    "kv_gather_tbps": 6.69,
    "tma_fill_us": 1.0,
    "launch_us": 3.0
  },
  "n_configs": 10,
  "mape_pct": 6.85096253698805,
  "worst_abs_pct_err": 10.832311054868411,
  "roofline_mape_pct": 19.516190476340295,
  "pass_under_10pct": true,
  "pass_below_roofline": true,
  "per_config": [
    {
      "label": "v32",
      "s_kv": 8192,
      "topk": 2048,
      "measured_us": 1694.5069666666666,
      "predicted_us": 1609.1789228472178,
      "rel_err": -0.050355676015484935,
      "abs_pct_err": 5.035567601548493,
      "roofline_rel_err": 0.20297413078403975,
      "K_tiles": 16,
      "T_compute_us": 985.4332387279629,
      "T_io_us": 1605.1789228472178,
      "T_io_kv_us": 1444.49572735426,
      "T_io_qo_us": 160.68319549295774,
      "T_inner_us": 1605.1789228472178,
      "T_overhead_us": 4.0,
      "bound": "memory",
      "kv_bytes_frac": 0.8944099378881988,
      "latency_pred_us": 1609.1789228472178
    },
    {
      "label": "v32",
      "s_kv": 16384,
      "topk": 2048,
      "measured_us": 1705.932733333333,
      "predicted_us": 1609.1789228472178,
      "rel_err": -0.05671607595984264,
      "abs_pct_err": 5.6716075959842644,
      "roofline_rel_err": 0.2083123433823552,
      "K_tiles": 16,
      "T_compute_us": 985.4332387279629,
      "T_io_us": 1605.1789228472178,
      "T_io_kv_us": 1444.49572735426,
      "T_io_qo_us": 160.68319549295774,
      "T_inner_us": 1605.1789228472178,
      "T_overhead_us": 4.0,
      "bound": "memory",
      "kv_bytes_frac": 0.8944099378881988,
      "latency_pred_us": 1609.1789228472178
    },
    {
      "label": "v32",
      "s_kv": 32768,
      "topk": 2048,
      "measured_us": 1711.6086666666667,
      "predicted_us": 1609.1789228472178,
      "rel_err": -0.05984413716420904,
      "abs_pct_err": 5.984413716420904,
      "roofline_rel_err": 0.21093769019631825,
      "K_tiles": 16,
      "T_compute_us": 985.4332387279629,
      "T_io_us": 1605.1789228472178,
      "T_io_kv_us": 1444.49572735426,
      "T_io_qo_us": 160.68319549295774,
      "T_inner_us": 1605.1789228472178,
      "T_overhead_us": 4.0,
      "bound": "memory",
      "kv_bytes_frac": 0.8944099378881988,
      "latency_pred_us": 1609.1789228472178
    },
    {
      "label": "v32",
      "s_kv": 65536,
      "topk": 2048,
      "measured_us": 1706.267100000002,
      "predicted_us": 1609.1789228472178,
      "rel_err": -0.05690092550737465,
      "abs_pct_err": 5.6900925507374644,
      "roofline_rel_err": 0.20846748554197728,
      "K_tiles": 16,
      "T_compute_us": 985.4332387279629,
      "T_io_us": 1605.1789228472178,
      "T_io_kv_us": 1444.49572735426,
      "T_io_qo_us": 160.68319549295774,
      "T_inner_us": 1605.1789228472178,
      "T_overhead_us": 4.0,
      "bound": "memory",
      "kv_bytes_frac": 0.8944099378881988,
      "latency_pred_us": 1609.1789228472178
    },
    {
      "label": "model1_cfg2",
      "s_kv": 8192,
      "topk": 1024,
      "measured_us": 893.958000000001,
      "predicted_us": 797.2293438632393,
      "rel_err": -0.10820268529031749,
      "abs_pct_err": 10.820268529031749,
      "roofline_rel_err": 0.2493062985061947,
      "K_tiles": 8,
      "T_compute_us": 463.733288813159,
      "T_io_us": 793.2293438632393,
      "T_io_kv_us": 641.9981010463379,
      "T_io_qo_us": 151.2312428169014,
      "T_inner_us": 793.2293438632393,
      "T_overhead_us": 4.0,
      "bound": "memory",
      "kv_bytes_frac": 0.8,
      "latency_pred_us": 797.2293438632393
    },
    {
      "label": "model1_cfg2",
      "s_kv": 32768,
      "topk": 1024,
      "measured_us": 893.9578666666675,
      "predicted_us": 797.2293438632393,
      "rel_err": -0.10820255227922919,
      "abs_pct_err": 10.82025522792292,
      "roofline_rel_err": 0.2493061865406341,
      "K_tiles": 8,
      "T_compute_us": 463.733288813159,
      "T_io_us": 793.2293438632393,
      "T_io_kv_us": 641.9981010463379,
      "T_io_qo_us": 151.2312428169014,
      "T_inner_us": 793.2293438632393,
      "T_overhead_us": 4.0,
      "bound": "memory",
      "kv_bytes_frac": 0.8,
      "latency_pred_us": 797.2293438632393
    },
    {
      "label": "model1_cfg2",
      "s_kv": 65536,
      "topk": 1024,
      "measured_us": 894.0787333333334,
      "predicted_us": 797.2293438632393,
      "rel_err": -0.10832311054868411,
      "abs_pct_err": 10.832311054868411,
      "roofline_rel_err": 0.2494076696153755,
      "K_tiles": 8,
      "T_compute_us": 463.733288813159,
      "T_io_us": 793.2293438632393,
      "T_io_kv_us": 641.9981010463379,
      "T_io_qo_us": 151.2312428169014,
      "T_inner_us": 793.2293438632393,
      "T_overhead_us": 4.0,
      "bound": "memory",
      "kv_bytes_frac": 0.8,
      "latency_pred_us": 797.2293438632393
    },
    {
      "label": "model1_cfg1",
      "s_kv": 8192,
      "topk": 512,
      "measured_us": 381.7393000000009,
      "predicted_us": 400.6146719316196,
      "rel_err": 0.049445713165028216,
      "abs_pct_err": 4.944571316502822,
      "roofline_rel_err": 0.12101185285350721,
      "K_tiles": 8,
      "T_compute_us": 115.93332220328975,
      "T_io_us": 396.6146719316196,
      "T_io_kv_us": 320.99905052316893,
      "T_io_qo_us": 75.6156214084507,
      "T_inner_us": 396.6146719316196,
      "T_overhead_us": 4.0,
      "bound": "memory",
      "kv_bytes_frac": 0.8,
      "latency_pred_us": 400.6146719316196
    },
    {
      "label": "model1_cfg1",
      "s_kv": 32768,
      "topk": 512,
      "measured_us": 383.8523000000004,
      "predicted_us": 400.6146719316196,
      "rel_err": 0.0436688068082937,
      "abs_pct_err": 4.36688068082937,
      "roofline_rel_err": 0.12585043778557625,
      "K_tiles": 8,
      "T_compute_us": 115.93332220328975,
      "T_io_us": 396.6146719316196,
      "T_io_kv_us": 320.99905052316893,
      "T_io_qo_us": 75.6156214084507,
      "T_inner_us": 396.6146719316196,
      "T_overhead_us": 4.0,
      "bound": "memory",
      "kv_bytes_frac": 0.8,
      "latency_pred_us": 400.6146719316196
    },
    {
      "label": "model1_cfg1",
      "s_kv": 65536,
      "topk": 512,
      "measured_us": 383.9377333333338,
      "predicted_us": 400.6146719316196,
      "rel_err": 0.04343657096034091,
      "abs_pct_err": 4.343657096034091,
      "roofline_rel_err": 0.12604495242805114,
      "K_tiles": 8,
      "T_compute_us": 115.93332220328975,
      "T_io_us": 396.6146719316196,
      "T_io_kv_us": 320.99905052316893,
      "T_io_qo_us": 75.6156214084507,
      "T_inner_us": 396.6146719316196,
      "T_overhead_us": 4.0,
      "bound": "memory",
      "kv_bytes_frac": 0.8,
      "latency_pred_us": 400.6146719316196
    }
  ]
}